meta_des,meta_des2,meta_title,url
['Foes.io is a free multiplayer battle royale online game'],[],[],https://foes.io/
"['I-Mockery.com - Dedicated to what really matters in life: b-movies, old toys, Halloween, video games, strange foods, oddities, and more.']",[],[],http://www.i-mockery.com/
"['Featuring the best Free Online Games, with new games added every Thursday on Not Doppler!']",[],[],http://www.notdoppler.com/
"['Matrix Rampage is an action packed Fighting Game. You arrive at the bad guys head quarter. You are instantly greeted by an army of bad guys in suits. The aim of the game is to survive for as long as you can before you are over powered by the agents. They will try to beat you up with everything they have, they will use guns, swords, sticks and they will even pickup things and throw them at you. You can beat up the guy with the gun and take it, as its the best weapon to defend yourself. If you ever get surrounded by too many bad guys, just jump up onto the next floor to give yourself some space. This is one of our most favorite Fighting Games.']",['Matrix Rampage'],['Matrix Rampage'],http://matrix-rampage.freeonlinegames.com/
"['Albino Blacksheep (ABS): Mostly Flash, Game and Video Media files for users and developers.']",['Albino Blacksheep'],['Albino Blacksheep'],http://www.albinoblacksheep.com/
['Enter our free online sweepstakes and contests for your chance to take home a fortune!  Will you become our next big winner? Register now.'],['Publishers Clearing House'],['Publishers Clearing House'],http://www.candystand.com/
"['Free web games: Online classic arcade games, including Pac-Man, Sonic, Mario, Tetris. Games to play here, free!']",['Play.VG Free Retro Games'],['Play.VG Free Retro Games'],http://www.play.vg/
[],[],[],http://www.globalspec.com/
[],[],[],http://games.sticky.tv/
['\x8eæ\x8eè\x8es\x82Å\x8eØ\x8bà\x95Ô\x8dÏ\x82Ì\x82±\x82Æ\x82Å\x8eã\x82Á\x82Ä\x82¢\x82é\x95û\x81A\x88ê\x90l\x82Å\x94Y\x82Ü\x82¸\x82É\x81A\x8d¡\x82·\x82®\x93d\x98b\x82Å\x96³\x97¿\x91\x8a\x92k\x82µ\x82Ä\x82Í\x82¢\x82©\x82ª\x82Å\x82µ\x82å\x82¤\x81H\x95Ù\x8cì\x8em\x82â\x8ei\x96@\x8f\x91\x8em\x82É\x81A\x8eØ\x8bà\x95Ô\x8dÏ\x82Ì\x83A\x83h\x83o\x83C\x83X\x82ð\x82à\x82ç\x82¢\x82Ü\x82µ\x82å\x82¤\x81B'],[],[],http://lastguy.jp/
['See related links to what you are looking for.'],[],[],http://www.bobblebrook.com/
"[""Neptune's Pride, the multiplayer game of Strategy, Intrigue and Galactic Conquest.""]",[],[],http://np.ironhelmet.com/
[],[],[],https://bigbadwaffle.itch.io/
"['Yetisports is a web-based Flash game created in January 2004. Having rapidly gained great popularity on the internet, nine other games were created in succession. Yetisports games were created by Chris Hilgert.']",[],[],http://www.yetisports.org/
['The site holds a lot of free games for public.'],[],[],http://www.gamedesign.jp/
"['OneMorelevel is your daily source for free addictive Flash games. Action, puzzle, RPG, sports and more! Visit One More Level Now.']",[],[],http://www.onemorelevel.com/
[],[],[],http://www.ferryhalim.com/
"['B3ta will eat your soul and destroy your will to live. Funny pictures, cartoons, games, quizzes, links, and a weekly newsletter.']",[],[],http://www2.b3ta.com/
"[""A tale about a boy and his friends and a game they play together. About 8,000 pages. Don't say we didn't warn you.""]",[],[],http://www.mspaintadventures.com/
"['Enter the newest .io arena shooter on browser! Blast enemies, earn XP, unlock new weapons and claim a spot on the leaderboard.']",[],[],http://squadd.io/
[],['The Kingdom of Loathing'],['The Kingdom of Loathing'],https://www.kingdomofloathing.com/
['Play Blast Arena now!'],[],[],http://www.blastarena.io/
[],[],[],http://www.xgenstudios.com/
[],[],[],http://play.pokemonshowdown.com/
"[""DeviantArt is the world's largest online social community for artists and art enthusiasts, allowing people to connect through the creation and sharing of art.""]",['fsk on DeviantArt'],['fsk on DeviantArt'],http://fsk.deviantart.com/
[],[],[],http://www.glenrhodes.com/
[],['warbrokers.io'],['warbrokers.io'],http://warbrokers.io/
"['Delve into the fascinating world of BMW. Read inspiring stories and interviews, watch exciting videos and receive helpful answers to the most pressing questions about the mobility of the future. Celebrate with us the passion for the BMW brand – at BMW.com.']",['The international BMW Website | BMW.com'],['The international BMW Website | BMW.com'],http://www.bmw-pace.com/
"['A free game, where players control a goldfish who can fly by unconventional means. 100+ levels.']",[],[],http://puzzlefarter.com/
[],[],[],http://www.wickedpissahgames.com/
['Multiplayer skill based game with a deep melee combat and RPG elements. Loot your enemies for gold and buy new equipment. Join a guild and win reputation fighting on arena.'],['Wilds.io'],['Wilds.io'],http://wilds.io/
"['Know PlayStation® Official Site - PlayStation Console, Games, Accessories, for Playstation console from the official PlayStation website. Explore PlayStation® Official Site - PlayStation Console, Games, Accessories game detail, demo, images, videos, reviews.']","['PlayStation® Official Site - PlayStation Console, Games, Accessories']","['PlayStation® Official Site - PlayStation Console, Games, Accessories']",http://zwok-game.com/
"[""Play free online games at Armor Games! We're the best online games website, featuring shooting games, puzzle games, strategy games, war games, and much more...""]",['Play Free Games Online at Armor Games'],['Play Free Games Online at Armor Games'],http://armorgames.com/
"['A large collection of casual games. Arcade games, bike games, defense games, driving games, ragdoll games, zombie games and more!']",[],[],http://www.freewebarcade.com/
[],[],[],http://www.digisonline.com/
[],['Home - unoriginal'],['Home - unoriginal'],http://www.unoriginal.co.uk/
[],[],[],http://www.gamesforwork.com/
"['Amanita Design, small independent game developing studio based in Czech Republic']",[],[],http://amanita-design.net/
"['We collaborate with smart, motivated clients to conceptualize, design, and build world-class interactive experiences.']",[],[],http://www.gskinner.com/
[],[],[],http://www.gamelinks.com/
[],['Transformice!'],['Transformice!'],http://en.transformice.com/
[],[],[],http://slaim.io/
['Curveball - Play Curveball Game'],['Play Curveball Game Online 3D Pong'],['Play Curveball Game Online 3D Pong'],http://www.curveball-game.com/
"['Play thousands of free web and mobile games! Discover the best shooters, role playing games, MMO, CCG, tower defense, action games and more!']",[],[],http://www.kongregate.com/
"['Globulos, a flash multiplayer strategy game in realtime - Globulos, jeu de stratégie en flash multijoueur temps réel']",[],[],http://www.globulos.com/
"['At Funny-Games WS you play the latest free full version funny games, to play every fun game you could bookmark Funny Games.']",[],[],http://www.funny-games.ws/
"['Everybody Edits is a live, multiplayer platform game, where you can build levels for your friends, or with them!']",['Everybody Edits'],['Everybody Edits'],http://www.everybodyedits.com/
['Buy a domain and see how a premium domain can be the best investment. Your business starts here. Buy a domain today.'],['Buy Domains - minikarting.com is for sale!'],['Buy Domains - minikarting.com is for sale!'],http://www.minikarting.com/
"['A community of artists, game developers, musicians, voice actors and writers who create and share some of the best stuff on the web!']","['Newgrounds.com - Everything, by Everyone']","['Newgrounds.com - Everything, by Everyone']",http://www.newgrounds.com/
[],[],[],http://www.fugly.com/
"['.io Games all listed here, play free new online games like slither, agar and diep before all your friends. NEW GAMES EVERY WEEK to this io games list!']",[],[],http://iogames.space/
[],[],[],http://www.bullettimereaction.com/
[],[],[],http://www.stackopolis.com/
['The biggest collection free online browser games. Play games with out download. Play online games on computer or mobile device.'],['Gamezhero.com - Free online games. Play free online browser games every day. Free no download games'],['Gamezhero.com - Free online games. Play free online browser games every day. Free no download games'],http://www.gamezhero.com/
[],[],[],http://www.skyarena.io/
['Vikings Village: Party Hard'],['Vikings Village'],['Vikings Village'],http://www.vikingsvillage.io/
[],[],[],http://www.mariogamesflash.com/
[],[],[],http://www.funny-games.biz/
[],[],[],http://gprime.net/
[],[],[],http://www.insanecentral.com/
[],[],[],http://www.vivalagames.com/
"['Littlewargame is a free HTML5 Realtime Stragegy (RTS) game, that runs completely in your browser.']",[],[],http://www.littlewargame.com/
[],[],[],http://www.play4all.net/
"['Play over 3000 free online games! Including arcade games, puzzle games, funny games, sports games, shooting games, and more! New free games every day at AddictingGames!']",[],[],http://www.addictinggames.com/
"['', 'Video game of lying, deception, and murder. Can you survive the Town of Salem?']",[''],[''],http://www.blankmediagames.com/
"['Your source for fun, free games, web tools and freeware. Play one of over 300 arcade games, download freeware or send greeting cards. Make a resume, build a web page much more.']",[],[],http://www.thepcmanwebsite.com/
[],[],[],http://www.gamegum.com/
"['Play the largest selection of online games at 2FlashGames.com! Including action games, racing games, puzzle games and many more!']",[],[],http://www.2flashgames.com/
"['xiao xiao, stick figure deaths xiao movies, all the best stick figure games and movies on the net']",[],[],http://www.stickpage.com/
['The smash hit game! Control your cell and eat other players to grow larger! Play with millions of players around the world and try to become the biggest cell of all!'],['Agar.io '],['Agar.io '],http://agar.io/
['Ladder in a walled garden'],['Grahn'],['Grahn'],http://jiggmin.com/
[],[],[],http://mechar.io/
[],[],[],http://cdx-thegame.com/
[],[],[],http://www.gamingdelight.com/
[],[],[],http://bumperball.com/
"['Play free online Flash games, retro games, arcade games, puzzles games, action games, skill games and more fun games.']",['Nitrome'],['Nitrome'],http://www.nitrome.com/
[],[],[],http://www.foddy.net/
['Helicopter Game is one of the most famous and addictive classic games in over 10 years. Try the helicopter game and always go for a better score!'],['HELICOPTER GAME - Play the best Helicopter Games for FREE!'],['HELICOPTER GAME - Play the best Helicopter Games for FREE!'],http://www.helicoptergame.net/
[],[],[],http://uploads.ungrounded.net/
[],[],[],http://www.realmofthemadgod.com/
[],['Totebo Games'],['Totebo Games'],http://www.totebo.com/
['400万人以上が利用しているホームページ作成サービス。無料で簡単にホームページを作成できます。独自ドメインや商用利用も可能です。'],['簡単ホームページ作成サービス（無料） - Yahoo!ジオシティーズ'],['簡単ホームページ作成サービス（無料） - Yahoo!ジオシティーズ'],http://www.geocities.jp/
[],[],[],http://www.techcult.com/
[],[],[],http://www.lostvectors.com/
[''],[],[],http://fantasticcontraption.com/
"['Our games are sprinkled with a whirlwind of smile-inducing awesomeness and polished to a shiny sheen that keeps the world coming back again and again. And best of all, you’ll find our games on mobile, console, PC, and many other devices – you may even be able to play them on the moon!']",['PopCap Studios - Official EA Site'],['PopCap Studios - Official EA Site'],http://www.popcap.com/
[],[],[],http://www.pixeljam.com/
"['Play over 1,800 free online games. Shockwave.com offers the best puzzle games, cooking games, dress up games, car racing games, and more. New games every day!']",['Games | FREE Online Games & Download Games | Play Games on Shockwave'],['Games | FREE Online Games & Download Games | Play Games on Shockwave'],http://www.shockwave.com/
['The smash-hit game! Play with millions of players around the world and try to become the longest of the day!'],['slither.io'],['slither.io'],http://slither.io/
[],[],[],http://www.planarity.net/
[],[],[],http://www.eyezmaze.com/
"['Juegos gratis sin descargar y multijugador. Juega online en todas las categorías, descubre juegos divertidos nuevos a diario y mucho más. ¡Dale al play!']",['Los mejores juegos online gratis en MiniJuegos.com'],['Los mejores juegos online gratis en MiniJuegos.com'],http://minijuegos.com/
[],[],[],http://www.binballwizard.com/
"['Free games are added everyday, with over 2000 free games with categories such as fighting games, racing games, dressup games and shooting games!']",[],[],http://www.mofunzone.com/
"['This website is for sale! fasco-csc.com is your first and best source for all of the information you’re looking for. From general topics to more of what you would expect to find here, fasco-csc.com has it all. We hope you find what you are searching for!']",[],[],http://www.fasco-csc.com/
"['Play Free Online Games, fun games, puzzle games, action games, sports games, flash games, adventure games, multiplayer games and more']",['Games at Miniclip.com - Play Free Online Games'],['Games at Miniclip.com - Play Free Online Games'],http://www.miniclip.com/
[],[],[],http://www.zefrank.com/
